artifact_id,location,kind,status,path,snapshot_path,created_at,updated_at,git_commit,stage,model,model_space,checkpoint_path,checkpoint_hash,configuration_hash,device,row_count,metadata_record_count,failure_count,embedding_shape,embedding_dimension,matrix_file,table_file,matrix_sha256,table_sha256,metadata_sha256,source_material,composer_scope,window_modes,overlap,run_id,notes
75c67b93d41e15fd,live,passages_symbolic,current,/home/student/w/wshelor/share/piano-clamp-runs/embeddings/passages,,2026-08-24T20:52:05.316788+00:00,2026-08-24T20:52:06+00:00,,passages_symbolic,CLaMP 3,c2,${REPOSITORY_ROOT}/models/clamp3-c2/weights_clamp3_c2_h_size_768_t_model_FacebookAI_xlm-roberta-base_t_length_128_a_size_768_a_layers_12_a_length_128_s_size_768_s_layers_12_p_size_64_p_length_512.pth,e6fb0d139b24a1ec20836bb65bd652303d570ea9af2cddb20a1fc161421d64af,01f0ed60b402bced2ecf0ffe239e2265a53409a6e1a5487dfece576f11db2086,cuda,19709,19869,160,19709x768,768,passage_embeddings.npy,passage_embeddings.csv,9d4fa0bad5f51df35d1f9c1770e27b9f50bf3d7151001625705d5c46987ad70f,41fc9d60202356c837af3e74cf4ae636d1b2ee788a271a38fe58b20952d80cbe,2fa12723ab0e301a48c4b44d2c7c52815ff1ace02fc29c292eb085d2d0c34a69,symbolic,Frédéric Chopin=19869,"fixed_4_bars_stride_2,fixed_8_bars_stride_4,fixed_16_bars_stride_8",,20260824T205205Z-dc6dd67ba976,
5ad7907540ce1a1d,live,symbolic,current,/home/student/w/wshelor/share/piano-clamp-runs/embeddings/symbolic,,2026-09-23T21:31:00.866156+00:00,2026-09-23T21:31:00+00:00,,symbolic,CLaMP 3,c2,${REPOSITORY_ROOT}/models/clamp3-c2/weights_clamp3_c2_h_size_768_t_model_FacebookAI_xlm-roberta-base_t_length_128_a_size_768_a_layers_12_a_length_128_s_size_768_s_layers_12_p_size_64_p_length_512.pth,e6fb0d139b24a1ec20836bb65bd652303d570ea9af2cddb20a1fc161421d64af,7e67eecfcd13c46970195a05cdc1d5e8a6559460112dc65eec6c634dab58bf58,cpu,65,65,0,65x768,768,score_embeddings.npy,score_embeddings.csv,9aa39360ea8fd02693e4f5f869922bd65778b7f4546f33ad0db9cbb5106c54e8,1a5df2f3b9b079fa40125691d2cbd1bbea86b65f22b2f3538314337bed2a1958,ecd2c9a1dc1f4a42ade0a9bcd08b7b068f54a8ae164756325b88f655045a9e22,,Frédéric Chopin=24; Wolfgang Amadeus Mozart=41,,,20260923T212525Z-a23009a71a6d,
33b8b7fe6a811568,live,text,current,/home/student/w/wshelor/share/piano-clamp-runs/embeddings/text,,2026-09-23T21:25:23.262952+00:00,2026-09-23T21:25:23+00:00,,text,CLaMP 3,c2,${REPOSITORY_ROOT}/models/clamp3-c2/weights_clamp3_c2_h_size_768_t_model_FacebookAI_xlm-roberta-base_t_length_128_a_size_768_a_layers_12_a_length_128_s_size_768_s_layers_12_p_size_64_p_length_512.pth,e6fb0d139b24a1ec20836bb65bd652303d570ea9af2cddb20a1fc161421d64af,7e67eecfcd13c46970195a05cdc1d5e8a6559460112dc65eec6c634dab58bf58,cpu,144,144,0,144x768,768,prompt_embeddings.npy,prompt_embeddings.csv,25f880f7080b7a54bbfd20bd9d5af693026e97c1f6a43836d07219dc9f9e4936,f8a78fedef4e86c55f1a4025b0d41d6bf0c6791566d5b38ecc6465cfc08bfc2c,37b7bf20bfbeca86708c85a39f070c789df3930a2f7c5228da507cf290114794,,,,,20260923T212328Z-bc987c466054,
0fc744de124fa3c6,store,passages_symbolic,snapshot,/share/users/student/w/wshelor/piano-clamp/embedding_store/runs/20260822T145043Z-2e51e949df71/passages,/share/users/student/w/wshelor/piano-clamp/embedding_store/runs/20260822T145043Z-2e51e949df71/passages,2026-08-22T14:50:43.602796+00:00,2026-08-22T14:50:44+00:00,,passages_symbolic,CLaMP 3,c2,${REPOSITORY_ROOT}/models/clamp3-c2/weights_clamp3_c2_h_size_768_t_model_FacebookAI_xlm-roberta-base_t_length_128_a_size_768_a_layers_12_a_length_128_s_size_768_s_layers_12_p_size_64_p_length_512.pth,e6fb0d139b24a1ec20836bb65bd652303d570ea9af2cddb20a1fc161421d64af,806176b1c26df4e11c7424954e559cd4cbcf16b72b5bef15401dadc7f9c4c603,cuda,0,2597,2597,0x768,768,passage_embeddings.npy,passage_embeddings.csv,27457127181ea5e51050baf5eefb61d467bec3d473470a1ab842b9fbaca3ad44,13def7278a8d5b42acedf7b33072edd0c5c780ed9a1c5b7d17f441c59e42ede7,ad179fd6c16240f69c4de04555cdbf676caad6478ee44abdfd11d8a1717f78f8,symbolic,Frédéric Chopin=1409; Wolfgang Amadeus Mozart=1188,16,,20260822T145043Z-2e51e949df71,
3e7b5b26bb34dfaf,store,passages_symbolic,snapshot,/share/users/student/w/wshelor/piano-clamp/embedding_store/runs/20260822T153905Z-2e51e949df71/passages,/share/users/student/w/wshelor/piano-clamp/embedding_store/runs/20260822T153905Z-2e51e949df71/passages,2026-08-22T15:39:05.038492+00:00,2026-08-22T15:39:07+00:00,,passages_symbolic,CLaMP 3,c2,${REPOSITORY_ROOT}/models/clamp3-c2/weights_clamp3_c2_h_size_768_t_model_FacebookAI_xlm-roberta-base_t_length_128_a_size_768_a_layers_12_a_length_128_s_size_768_s_layers_12_p_size_64_p_length_512.pth,e6fb0d139b24a1ec20836bb65bd652303d570ea9af2cddb20a1fc161421d64af,806176b1c26df4e11c7424954e559cd4cbcf16b72b5bef15401dadc7f9c4c603,cuda,2485,2597,112,2485x768,768,passage_embeddings.npy,passage_embeddings.csv,47b346ca477afb3da7ed380e8e467220d7d3d762a5988d42f6a93ded61887938,4d0105611d07999e19845a235f55f606025988bcd791056fb3f4c71f486aa174,ffa6e46722ae0529a6b50c414616c837e4178f8e3e1be270219afbce50eeb434,symbolic,Frédéric Chopin=1409; Wolfgang Amadeus Mozart=1188,16,,20260822T153905Z-2e51e949df71,
431d139fae29d887,store,passages_symbolic,snapshot,/share/users/student/w/wshelor/piano-clamp/embedding_store/runs/20260824T205205Z-dc6dd67ba976/passages,/share/users/student/w/wshelor/piano-clamp/embedding_store/runs/20260824T205205Z-dc6dd67ba976/passages,2026-08-24T20:52:05.316788+00:00,2026-08-24T20:52:06+00:00,,passages_symbolic,CLaMP 3,c2,${REPOSITORY_ROOT}/models/clamp3-c2/weights_clamp3_c2_h_size_768_t_model_FacebookAI_xlm-roberta-base_t_length_128_a_size_768_a_layers_12_a_length_128_s_size_768_s_layers_12_p_size_64_p_length_512.pth,e6fb0d139b24a1ec20836bb65bd652303d570ea9af2cddb20a1fc161421d64af,01f0ed60b402bced2ecf0ffe239e2265a53409a6e1a5487dfece576f11db2086,cuda,19709,19869,160,19709x768,768,passage_embeddings.npy,passage_embeddings.csv,9d4fa0bad5f51df35d1f9c1770e27b9f50bf3d7151001625705d5c46987ad70f,41fc9d60202356c837af3e74cf4ae636d1b2ee788a271a38fe58b20952d80cbe,2fa12723ab0e301a48c4b44d2c7c52815ff1ace02fc29c292eb085d2d0c34a69,symbolic,Frédéric Chopin=19869,"fixed_4_bars_stride_2,fixed_8_bars_stride_4,fixed_16_bars_stride_8",,20260824T205205Z-dc6dd67ba976,
7a72525317ced799,store,symbolic,snapshot,/share/users/student/w/wshelor/piano-clamp/embedding_store/runs/20260923T210853Z-b5075c48c8de/symbolic,/share/users/student/w/wshelor/piano-clamp/embedding_store/runs/20260923T210853Z-b5075c48c8de/symbolic,2026-09-23T21:14:25.527684+00:00,2026-09-23T21:14:25+00:00,,symbolic,CLaMP 3,c2,${REPOSITORY_ROOT}/models/clamp3-c2/weights_clamp3_c2_h_size_768_t_model_FacebookAI_xlm-roberta-base_t_length_128_a_size_768_a_layers_12_a_length_128_s_size_768_s_layers_12_p_size_64_p_length_512.pth,e6fb0d139b24a1ec20836bb65bd652303d570ea9af2cddb20a1fc161421d64af,46a00476fc2ffe356ece70398d05b3fe207aab36c00409be895d6629350bdb21,cpu,65,65,0,65x768,768,score_embeddings.npy,score_embeddings.csv,9aa39360ea8fd02693e4f5f869922bd65778b7f4546f33ad0db9cbb5106c54e8,1a5df2f3b9b079fa40125691d2cbd1bbea86b65f22b2f3538314337bed2a1958,a31909b45d3f2d29c1a84288fcfc219507df84d584d2185cc08562731ee5592c,,Frédéric Chopin=24; Wolfgang Amadeus Mozart=41,,,20260923T210853Z-b5075c48c8de,
bb64621e747bdbd0,store,symbolic,snapshot,/share/users/student/w/wshelor/piano-clamp/embedding_store/runs/20260923T212525Z-a23009a71a6d/symbolic,/share/users/student/w/wshelor/piano-clamp/embedding_store/runs/20260923T212525Z-a23009a71a6d/symbolic,2026-09-23T21:31:00.866156+00:00,2026-09-23T21:31:00+00:00,,symbolic,CLaMP 3,c2,${REPOSITORY_ROOT}/models/clamp3-c2/weights_clamp3_c2_h_size_768_t_model_FacebookAI_xlm-roberta-base_t_length_128_a_size_768_a_layers_12_a_length_128_s_size_768_s_layers_12_p_size_64_p_length_512.pth,e6fb0d139b24a1ec20836bb65bd652303d570ea9af2cddb20a1fc161421d64af,7e67eecfcd13c46970195a05cdc1d5e8a6559460112dc65eec6c634dab58bf58,cpu,65,65,0,65x768,768,score_embeddings.npy,score_embeddings.csv,9aa39360ea8fd02693e4f5f869922bd65778b7f4546f33ad0db9cbb5106c54e8,1a5df2f3b9b079fa40125691d2cbd1bbea86b65f22b2f3538314337bed2a1958,ecd2c9a1dc1f4a42ade0a9bcd08b7b068f54a8ae164756325b88f655045a9e22,,Frédéric Chopin=24; Wolfgang Amadeus Mozart=41,,,20260923T212525Z-a23009a71a6d,
2c8dbaa700d4d941,store,text,snapshot,/share/users/student/w/wshelor/piano-clamp/embedding_store/runs/20260822T130225Z-4ca168a165ad/text,/share/users/student/w/wshelor/piano-clamp/embedding_store/runs/20260822T130225Z-4ca168a165ad/text,2026-08-22T13:02:25.556667+00:00,2026-08-22T13:02:25+00:00,,text,CLaMP 3,c2,${REPOSITORY_ROOT}/models/clamp3-c2/weights_clamp3_c2_h_size_768_t_model_FacebookAI_xlm-roberta-base_t_length_128_a_size_768_a_layers_12_a_length_128_s_size_768_s_layers_12_p_size_64_p_length_512.pth,e6fb0d139b24a1ec20836bb65bd652303d570ea9af2cddb20a1fc161421d64af,806176b1c26df4e11c7424954e559cd4cbcf16b72b5bef15401dadc7f9c4c603,cuda,0,137,137,0x768,768,prompt_embeddings.npy,prompt_embeddings.csv,27457127181ea5e51050baf5eefb61d467bec3d473470a1ab842b9fbaca3ad44,104f63c00c4dbb79b264bfc7c5f7c4fe642d52a843b2a59e3b2bc44f44316873,c1e48eac988f22ec221a86cdd2eaaa22e85be634ba80c9a97d2943c4c31e83bb,,,,,20260822T130225Z-4ca168a165ad,
1f2a2c4b3b32fc07,store,text,snapshot,/share/users/student/w/wshelor/piano-clamp/embedding_store/runs/20260824T224507Z-a1c8de22a9f7/text,/share/users/student/w/wshelor/piano-clamp/embedding_store/runs/20260824T224507Z-a1c8de22a9f7/text,2026-08-24T22:45:07.401734+00:00,2026-08-24T22:45:08+00:00,,text,CLaMP 3,c2,${REPOSITORY_ROOT}/models/clamp3-c2/weights_clamp3_c2_h_size_768_t_model_FacebookAI_xlm-roberta-base_t_length_128_a_size_768_a_layers_12_a_length_128_s_size_768_s_layers_12_p_size_64_p_length_512.pth,e6fb0d139b24a1ec20836bb65bd652303d570ea9af2cddb20a1fc161421d64af,01f0ed60b402bced2ecf0ffe239e2265a53409a6e1a5487dfece576f11db2086,cuda,137,137,0,137x768,768,prompt_embeddings.npy,prompt_embeddings.csv,87e4d27d8bc3307827071f54618b4271938bf480d07cf374cd6c461fdeaddd06,a7f6b3de086274cc8849b459aa1e67fde8a5438a07eaf4db3fa8797ed989a763,b8d95e6809dad2549bbd9ab5447714ae4eee5735b20dad0a82ddf9b9e72de299,,,,,20260824T224507Z-a1c8de22a9f7,
a6d7a3ba94da9195,store,text,snapshot,/share/users/student/w/wshelor/piano-clamp/embedding_store/runs/20260923T205318Z-484981623dfe/text,/share/users/student/w/wshelor/piano-clamp/embedding_store/runs/20260923T205318Z-484981623dfe/text,2026-09-23T20:55:27.070852+00:00,2026-09-23T20:55:27+00:00,,text,CLaMP 3,c2,${REPOSITORY_ROOT}/models/clamp3-c2/weights_clamp3_c2_h_size_768_t_model_FacebookAI_xlm-roberta-base_t_length_128_a_size_768_a_layers_12_a_length_128_s_size_768_s_layers_12_p_size_64_p_length_512.pth,e6fb0d139b24a1ec20836bb65bd652303d570ea9af2cddb20a1fc161421d64af,970e1a25e0b80e704ca0193eec07023e5e0ba3fdc757f4eb2fbd0bbef2fc24f6,cpu,144,144,0,144x768,768,prompt_embeddings.npy,prompt_embeddings.csv,25f880f7080b7a54bbfd20bd9d5af693026e97c1f6a43836d07219dc9f9e4936,f8a78fedef4e86c55f1a4025b0d41d6bf0c6791566d5b38ecc6465cfc08bfc2c,59d6625365d125f3c2081dc80cb09066d0f39d00c87f7a5f4542e45c3cb4ab62,,,,,20260923T205318Z-484981623dfe,
9db7410fb7cb12f0,store,text,snapshot,/share/users/student/w/wshelor/piano-clamp/embedding_store/runs/20260923T210740Z-07cd0b1111e4/text,/share/users/student/w/wshelor/piano-clamp/embedding_store/runs/20260923T210740Z-07cd0b1111e4/text,2026-09-23T21:08:51.271421+00:00,2026-09-23T21:08:51+00:00,,text,CLaMP 3,c2,${REPOSITORY_ROOT}/models/clamp3-c2/weights_clamp3_c2_h_size_768_t_model_FacebookAI_xlm-roberta-base_t_length_128_a_size_768_a_layers_12_a_length_128_s_size_768_s_layers_12_p_size_64_p_length_512.pth,e6fb0d139b24a1ec20836bb65bd652303d570ea9af2cddb20a1fc161421d64af,46a00476fc2ffe356ece70398d05b3fe207aab36c00409be895d6629350bdb21,cpu,144,144,0,144x768,768,prompt_embeddings.npy,prompt_embeddings.csv,25f880f7080b7a54bbfd20bd9d5af693026e97c1f6a43836d07219dc9f9e4936,f8a78fedef4e86c55f1a4025b0d41d6bf0c6791566d5b38ecc6465cfc08bfc2c,7f88167ef81aac1908cea43059d1a2726c8341f54523febd780535ce7e358c1c,,,,,20260923T210740Z-07cd0b1111e4,
1923d65dee7254e4,store,text,snapshot,/share/users/student/w/wshelor/piano-clamp/embedding_store/runs/20260923T212328Z-bc987c466054/text,/share/users/student/w/wshelor/piano-clamp/embedding_store/runs/20260923T212328Z-bc987c466054/text,2026-09-23T21:25:23.262952+00:00,2026-09-23T21:25:23+00:00,,text,CLaMP 3,c2,${REPOSITORY_ROOT}/models/clamp3-c2/weights_clamp3_c2_h_size_768_t_model_FacebookAI_xlm-roberta-base_t_length_128_a_size_768_a_layers_12_a_length_128_s_size_768_s_layers_12_p_size_64_p_length_512.pth,e6fb0d139b24a1ec20836bb65bd652303d570ea9af2cddb20a1fc161421d64af,7e67eecfcd13c46970195a05cdc1d5e8a6559460112dc65eec6c634dab58bf58,cpu,144,144,0,144x768,768,prompt_embeddings.npy,prompt_embeddings.csv,25f880f7080b7a54bbfd20bd9d5af693026e97c1f6a43836d07219dc9f9e4936,f8a78fedef4e86c55f1a4025b0d41d6bf0c6791566d5b38ecc6465cfc08bfc2c,37b7bf20bfbeca86708c85a39f070c789df3930a2f7c5228da507cf290114794,,,,,20260923T212328Z-bc987c466054,
